{
  "BM_fit_data": {
    "Si-XO3": {
      "E0": -14035.479895702918,
      "err_E0": 7.435715546516164e-06,
      "min_volume": 41.766830364734375,
      "err_min_volume": 0.00019430944925811922,
      "bulk_modulus_ev_ang3": 1.2456347561437076,
      "err_bulk_modulus_ev_ang3": 0.0001041810389984509,
      "bulk_deriv": 4.207316016113027,
      "err_bulk_deriv": 0.0054944457439233384,
      "residuals": 1.0654819915877077e-09,
      "EOS_workchain_exit_code": 0,
      "warnings": ""
    },
    "Al-X2O3": {
      "E0": -38726.693788976474,
      "err_E0": 1.3709167063803011e-05,
      "min_volume": 98.49079229277676,
      "err_min_volume": 0.000381801176527687,
      "bulk_modulus_ev_ang3": 1.1621554012328603,
      "err_bulk_modulus_ev_ang3": 8.243158910904177e-05,
      "bulk_deriv": 4.087641639574801,
      "err_bulk_deriv": 0.004586270964111471,
      "residuals": 3.6074533513804464e-09,
      "EOS_workchain_exit_code": 0,
      "warnings": ""
    },
    "Si-X2O5": {
      "E0": -52022.47454828586,
      "err_E0": 2.890767171024267e-05,
      "min_volume": 122.0103905905744,
      "err_min_volume": 0.0008978024345514844,
      "bulk_modulus_ev_ang3": 1.0304342929347399,
      "err_bulk_modulus_ev_ang3": 0.0001424875166369967,
      "bulk_deriv": 4.715324388564317,
      "err_bulk_deriv": 0.008794141716589652,
      "residuals": 1.591168632803592e-08,
      "EOS_workchain_exit_code": 0,
      "warnings": ""
    },
    "Eu-XO3": {
      "E0": -301449.23304549995,
      "err_E0": 0.00010791707869139567,
      "min_volume": 70.89731889995038,
      "err_min_volume": 0.003702982627275368,
      "bulk_modulus_ev_ang3": 0.5387359250142353,
      "err_bulk_modulus_ev_ang3": 0.0002564746749174599,
      "bulk_deriv": 4.404600562754163,
      "err_bulk_deriv": 0.0032805155085415066,
      "residuals": 1.1076149122123106e-10,
      "EOS_workchain_exit_code": 0,
      "warnings": "warn: V0 is out of range"
    },
    "Pa-X2O5": {
      "E0": -2992212.817843262,
      "err_E0": 5.600501832408697e-05,
      "min_volume": 159.6380032843436,
      "err_min_volume": 0.0012262468992953232,
      "bulk_modulus_ev_ang3": 1.4840399976867054,
      "err_bulk_modulus_ev_ang3": 0.00020560152530392186,
      "bulk_deriv": 4.44889918896095,
      "err_bulk_deriv": 0.009093406052359797,
      "residuals": 6.03705054180588e-08,
      "EOS_workchain_exit_code": 0,
      "warnings": ""
    },
    "Al-X2O5": {
      "E0": -46892.41350548705,
      "err_E0": 2.3384204351044273e-05,
      "min_volume": 126.24656971778694,
      "err_min_volume": 0.0006769674426842837,
      "bulk_modulus_ev_ang3": 1.0699767204931352,
      "err_bulk_modulus_ev_ang3": 0.00011883931765730667,
      "bulk_deriv": 4.275792015054248,
      "err_bulk_deriv": 0.006491794864682804,
      "residuals": 1.0168062475482327e-08,
      "EOS_workchain_exit_code": 0,
      "warnings": ""
    },
    "Al-X2O": {
      "E0": -15260.639990894919,
      "err_E0": 1.6115755095141376e-05,
      "min_volume": 46.11698429950277,
      "err_min_volume": 0.001455458587152293,
      "bulk_modulus_ev_ang3": 0.3579214842084627,
      "err_bulk_modulus_ev_ang3": 0.00020516809819206126,
      "bulk_deriv": 5.607649145921005,
      "err_bulk_deriv": 0.037719564270262414,
      "residuals": 4.980706781564698e-09,
      "EOS_workchain_exit_code": 300,
      "warnings": ""
    },
    "Fe-XO": {
      "E0": -36681.26654929217,
      "err_E0": 2.9497260718742737e-06,
      "min_volume": 17.099625746559994,
      "err_min_volume": 6.573838481013496e-05,
      "bulk_modulus_ev_ang3": 1.4993551067797302,
      "err_bulk_modulus_ev_ang3": 9.802957652504365e-05,
      "bulk_deriv": 4.616031650188664,
      "err_bulk_deriv": 0.004499313979826463,
      "residuals": 1.698033953755343e-10,
      "EOS_workchain_exit_code": 300,
      "warnings": ""
    },
    "Pa-XO3": {
      "E0": -749076.6277524125,
      "err_E0": 0.0006238144830772316,
      "min_volume": 77.37423680865533,
      "err_min_volume": 0.03570383729679736,
      "bulk_modulus_ev_ang3": 0.5837751425215539,
      "err_bulk_modulus_ev_ang3": 0.004707275225434745,
      "bulk_deriv": 7.0494692161530725,
      "err_bulk_deriv": 0.5381161238693195,
      "residuals": 7.59913740522295e-06,
      "EOS_workchain_exit_code": 0,
      "warnings": ""
    },
    "Fe-X2O5": {
      "E0": -158988.97180907414,
      "err_E0": 1.9714268016848435e-05,
      "min_volume": 115.88101269864265,
      "err_min_volume": 0.0004844290637364831,
      "bulk_modulus_ev_ang3": 1.3354045135499408,
      "err_bulk_modulus_ev_ang3": 9.790448447213762e-05,
      "bulk_deriv": 4.5607911053674215,
      "err_bulk_deriv": 0.004928770633875696,
      "residuals": 7.530312950115976e-09,
      "EOS_workchain_exit_code": 0,
      "warnings": ""
    },
    "Eu-X2O": {
      "E0": -592659.1545510417,
      "err_E0": 4.0779829303891574e-05,
      "min_volume": 49.2966959647885,
      "err_min_volume": 0.0043105128960508905,
      "bulk_modulus_ev_ang3": 0.5249943226231224,
      "err_bulk_modulus_ev_ang3": 0.0011903669456833617,
      "bulk_deriv": 5.0018568401394035,
      "err_bulk_deriv": 0.028514904743745267,
      "residuals": 5.884152630279072e-09,
      "EOS_workchain_exit_code": 0,
      "warnings": "warn: V0 is out of range"
    },
    "Fe-X2O": {
      "E0": -71313.81422272744,
      "err_E0": 2.2735450564192498e-05,
      "min_volume": 29.401985717872755,
      "err_min_volume": 0.0005898464404539496,
      "bulk_modulus_ev_ang3": 1.2684945337817752,
      "err_bulk_modulus_ev_ang3": 0.0004435643394097625,
      "bulk_deriv": 4.1589126495412305,
      "err_bulk_deriv": 0.02357490913287487,
      "residuals": 1.0033915562024542e-08,
      "EOS_workchain_exit_code": 0,
      "warnings": ""
    },
    "Al-XO2": {
      "E0": -10704.690111103266,
      "err_E0": 5.895846480160404e-06,
      "min_volume": 26.29206648929251,
      "err_min_volume": 0.00014677214762674236,
      "bulk_modulus_ev_ang3": 1.29663808687618,
      "err_bulk_modulus_ev_ang3": 0.00013347135832829368,
      "bulk_deriv": 4.107547127232937,
      "err_bulk_deriv": 0.006613489906044338,
      "residuals": 6.659533343832285e-10,
      "EOS_workchain_exit_code": 0,
      "warnings": ""
    },
    "Eu-XO2": {
      "E0": -299405.1221560094,
      "err_E0": 9.771416016081725e-05,
      "min_volume": 37.55226968554756,
      "err_min_volume": 0.002065003566068741,
      "bulk_modulus_ev_ang3": 1.021747640145761,
      "err_bulk_modulus_ev_ang3": 0.0005960428675643127,
      "bulk_deriv": 4.696273734985147,
      "err_bulk_deriv": 0.0043490315080166085,
      "residuals": 2.329370620765317e-10,
      "EOS_workchain_exit_code": 0,
      "warnings": "warn: V0 is out of range"
    },
    "Si-X2O": {
      "E0": -17828.492808975832,
      "err_E0": 2.2825878580401132e-05,
      "min_volume": 42.65108866397126,
      "err_min_volume": 0.0013837128023397776,
      "bulk_modulus_ev_ang3": 0.5352189400994853,
      "err_bulk_modulus_ev_ang3": 0.00031451681665867415,
      "bulk_deriv": 4.4451419745908485,
      "err_bulk_deriv": 0.038432793680730305,
      "residuals": 1.0017907274428597e-08,
      "EOS_workchain_exit_code": 300,
      "warnings": ""
    },
    "Eu-X2O3": {
      "E0": -1193523.167925476,
      "err_E0": 0.1637678164584694,
      "min_volume": 139.64327680114312,
      "err_min_volume": 8.358579033066997,
      "bulk_modulus_ev_ang3": 0.32447984448554557,
      "err_bulk_modulus_ev_ang3": 0.29174656377063746,
      "bulk_deriv": -2.663350214073474,
      "err_bulk_deriv": 10.506765024515433,
      "residuals": 0.00012769369021668506,
      "EOS_workchain_exit_code": 300,
      "warnings": "warn: V0 is out of range"
    },
    "Eu-XO": {
      "E0": -297356.3678669014,
      "err_E0": 5.350277650702547e-06,
      "min_volume": 28.241302300621054,
      "err_min_volume": 0.0003549368813238961,
      "bulk_modulus_ev_ang3": 0.8506469737103226,
      "err_bulk_modulus_ev_ang3": 0.00028412040975969965,