{
  "BM_fit_data": {
    "Al-X2O3": {
      "E0": -38726.66194110281,
      "err_E0": 1.2571285014298028e-05,
      "min_volume": 98.51263174713947,
      "err_min_volume": 0.0003491201623399684,
      "bulk_modulus_ev_ang3": 1.1629546657275254,
      "err_bulk_modulus_ev_ang3": 7.58754642729453e-05,
      "bulk_deriv": 4.104355902789149,
      "err_bulk_deriv": 0.0041973447965383,
      "residuals": 3.028870936668296e-09,
      "EOS_workchain_exit_code": 0,
      "warnings": ""
    },
    "Fe-XO": {
      "E0": -36681.250715102215,
      "err_E0": 1.0491098633486874e-05,
      "min_volume": 17.111211959209655,
      "err_min_volume": 0.00023286169937852884,
      "bulk_modulus_ev_ang3": 1.5049709686486974,
      "err_bulk_modulus_ev_ang3": 0.0003470643606529314,
      "bulk_deriv": 4.6589505271631575,
      "err_bulk_deriv": 0.015925356762966244,
      "residuals": 2.1501183998902992e-09,
      "EOS_workchain_exit_code": 300,
      "warnings": ""
    },
    "Pa-XO3": {
      "E0": -749076.5981590546,
      "err_E0": 0.0007261031177385258,
      "min_volume": 77.44562221161097,
      "err_min_volume": 0.04177584122466791,
      "bulk_modulus_ev_ang3": 0.5800956535441671,
      "err_bulk_modulus_ev_ang3": 0.005435988265578286,
      "bulk_deriv": 7.244848232044044,
      "err_bulk_deriv": 0.6303115494622157,
      "residuals": 1.0303234983764461e-05,
      "EOS_workchain_exit_code": 0,
      "warnings": ""
    },
    "Si-X2O5": {
      "E0": -52022.459911281745,
      "err_E0": 2.5148364049143286e-05,
      "min_volume": 122.05856594984246,
      "err_min_volume": 0.0007768442978482576,
      "bulk_modulus_ev_ang3": 1.0314181859109197,
      "err_bulk_modulus_ev_ang3": 0.00012493404651833513,
      "bulk_deriv": 4.706715076921071,
      "err_bulk_deriv": 0.0076235818107379455,
      "residuals": 1.200379263703194e-08,
      "EOS_workchain_exit_code": 0,
      "warnings": ""
    },
    "Pa-X2O5": {
      "E0": -2992212.7909719367,
      "err_E0": 1.9313381557722246e-05,
      "min_volume": 159.71560392083538,
      "err_min_volume": 0.00042012181638953104,
      "bulk_modulus_ev_ang3": 1.4870309540849111,
      "err_bulk_modulus_ev_ang3": 7.144043990641215e-05,
      "bulk_deriv": 4.488879551796558,
      "err_bulk_deriv": 0.003121602583509942,
      "residuals": 7.156787000248691e-09,
      "EOS_workchain_exit_code": 0,
      "warnings": ""
    },
    "Si-XO3": {
      "E0": -14035.421161057255,
      "err_E0": 2.653823621512763e-05,
      "min_volume": 41.77928926854173,
      "err_min_volume": 0.0006909514090360065,
      "bulk_modulus_ev_ang3": 1.2469117321305996,
      "err_bulk_modulus_ev_ang3": 0.0003735351880225817,
      "bulk_deriv": 4.22477596424394,
      "err_bulk_deriv": 0.019557766659091733,
      "residuals": 1.354716702995073e-08,
      "EOS_workchain_exit_code": 0,
      "warnings": ""
    },
    "Eu-XO3": {
      "E0": -301449.1969852078,
      "err_E0": 0.0003949576721444387,
      "min_volume": 71.13333167591345,
      "err_min_volume": 0.013754818645769593,
      "bulk_modulus_ev_ang3": 0.541528279634499,
      "err_bulk_modulus_ev_ang3": 0.0009752774534553141,
      "bulk_deriv": 4.424418153726758,
      "err_bulk_deriv": 0.012551062788008358,
      "residuals": 1.678753829751898e-09,
      "EOS_workchain_exit_code": 0,
      "warnings": "warn: V0 is out of range"
    },
    "Al-X2O5": {
      "E0": -46892.39589630909,
      "err_E0": 1.5095298901423595e-05,
      "min_volume": 126.27906726027543,
      "err_min_volume": 0.000434892535029529,
      "bulk_modulus_ev_ang3": 1.0712138765077173,
      "err_bulk_modulus_ev_ang3": 7.71896303361657e-05,
      "bulk_deriv": 4.285348741558637,
      "err_bulk_deriv": 0.004177717968665117,
      "residuals": 4.225802364455411e-09,
      "EOS_workchain_exit_code": 0,
      "warnings": ""
    },
    "Eu-X2O": {
      "E0": -592659.1254348777,
      "err_E0": 4.939415931001447e-05,
      "min_volume": 49.321155503686164,
      "err_min_volume": 0.005218749654449137,
      "bulk_modulus_ev_ang3": 0.5296710389501819,
      "err_bulk_modulus_ev_ang3": 0.0014628550850282762,
      "bulk_deriv": 5.062322180326915,
      "err_bulk_deriv": 0.034810591901106934,
      "residuals": 9.034907731265655e-09,
      "EOS_workchain_exit_code": 0,
      "warnings": "warn: V0 is out of range"
    },
    "Al-X2O": {
      "E0": -15260.638099690368,
      "err_E0": 4.3374175055445896e-05,
      "min_volume": 46.12608282426793,
      "err_min_volume": 0.0039061053735038615,
      "bulk_modulus_ev_ang3": 0.35824556822996995,
      "err_bulk_modulus_ev_ang3": 0.0005542577522960341,
      "bulk_deriv": 5.476696002204417,
      "err_bulk_deriv": 0.10125599930376253,
      "residuals": 3.602929778519642e-08,
      "EOS_workchain_exit_code": 300,
      "warnings": ""
    },
    "Fe-X2O": {
      "E0": -71313.79799887186,
      "err_E0": 2.961501015237735e-05,
      "min_volume": 29.41760828134426,
      "err_min_volume": 0.0007629582830178955,
      "bulk_modulus_ev_ang3": 1.272647937717939,
      "err_bulk_modulus_ev_ang3": 0.0005810350343470951,
      "bulk_deriv": 4.26999816473972,
      "err_bulk_deriv": 0.030543929566135233,
      "residuals": 1.6983912237309323e-08,
      "EOS_workchain_exit_code": 0,
      "warnings": ""
    },
    "Eu-XO2": {
      "E0": -299405.10973466217,
      "err_E0": 0.00030367104015136383,
      "min_volume": 37.62379818070519,
      "err_min_volume": 0.006452073236609077,
      "bulk_modulus_ev_ang3": 1.030493922067477,
      "err_bulk_modulus_ev_ang3": 0.0018953193889485395,
      "bulk_deriv": 4.74902438961284,
      "err_bulk_deriv": 0.013785210996494369,
      "residuals": 2.44258146606755e-09,
      "EOS_workchain_exit_code": 0,
      "warnings": "warn: V0 is out of range"
    },
    "Al-XO2": {
      "E0": -10704.682715623414,
      "err_E0": 4.734541107228978e-06,
      "min_volume": 26.300028729208307,
      "err_min_volume": 0.0001174813426787575,
      "bulk_modulus_ev_ang3": 1.2968679306510305,
      "err_bulk_modulus_ev_ang3": 0.00010777362721603169,
      "bulk_deriv": 4.117690556651616,
      "err_bulk_deriv": 0.00529989289471469,
      "residuals": 4.285118596149435e-10,
      "EOS_workchain_exit_code": 0,
      "warnings": ""
    },
    "Fe-X2O5": {
      "E0": -158988.90451819278,
      "err_E0": 3.008101427948246e-05,
      "min_volume": 115.94536861021093,
      "err_min_volume": 0.0007352078111013873,
      "bulk_modulus_ev_ang3": 1.336898136227813,
      "err_bulk_modulus_ev_ang3": 0.00015036686467476777,
      "bulk_deriv": 4.613170058361398,
      "err_bulk_deriv": 0.007493554763666712,
      "residuals": 1.7482800617605333e-08,
      "EOS_workchain_exit_code": 0,
      "warnings": ""
    },
    "Si-X2O": {
      "E0": -17828.49093832639,
      "err_E0": 1.9277256867008406e-05,
      "min_volume": 42.65169150597651,
      "err_min_volume": 0.0011692245115433107,
      "bulk_modulus_ev_ang3": 0.5348609067371923,
      "err_bulk_modulus_ev_ang3": 0.00026578948481016196,
      "bulk_deriv": 4.392883367777519,
      "err_bulk_deriv": 0.03246587951981387,
      "residuals": 7.144521479534602e-09,
      "EOS_workchain_exit_code": 300,
      "warnings": ""
    },
    "Fe-XO2": {
      "E0": -38729.11074869241,
      "err_E0": 1.3186479609006148e-05,
      "min_volume": 24.20979039446039,
      "err_min_volume": 0.00025334441225341193,
      "bulk_modulus_ev_ang3": 1.730813829346902,
      "err_bulk_modulus_ev_ang3": 0.0003076507761210095,
      "bulk_deriv": 4.608662070214993,
      "err_bulk_deriv": 0.01226536774125519,
      "residuals": 3.3949394354805914e-09,
      "EOS_workchain_exit_code": 0,
      "warnings": ""
    },
    "Si-X2O3": {
      "E0": -43853.992360223376,
      "err_E0": 0.00023543806081988518,
      "min_volume": 97.65448129097983,
      "err_min_volume": 0.008170454332012841,
      "bulk_modulus_ev_ang3": 0.941284618187213,
      "err_bulk_modulus_ev_ang3": 0.0013994858719710128,
      "bulk_deriv": 4.434382458078729,