{
  "BM_fit_data": {
    "Si-X2O5": {
      "E0": -52021.89626015405,
      "err_E0": 0.0014958758608934575,
      "min_volume": 122.00993888102995,
      "err_min_volume": 0.045436211576647095,
      "bulk_modulus_ev_ang3": 1.053656579155704,
      "err_bulk_modulus_ev_ang3": 0.00738942886520659,
      "bulk_deriv": 4.482579253316494,
      "err_bulk_deriv": 0.44426118681417676,
      "residuals": 4.260825998464531e-05,
      "EOS_workchain_exit_code": 0,
      "warnings": ""
    },
    "Al-X2O": {
      "E0": -15260.549105323815,
      "err_E0": 0.0002209209705183897,
      "min_volume": 46.2285726277824,
      "err_min_volume": 0.018809066389528742,
      "bulk_modulus_ev_ang3": 0.36944523676971913,
      "err_bulk_modulus_ev_ang3": 0.003022234281348331,
      "bulk_deriv": 3.2782744320881028,
      "err_bulk_deriv": 0.4838008301211634,
      "residuals": 9.177430483859144e-07,
      "EOS_workchain_exit_code": 300,
      "warnings": ""
    },
    "Al-X2O3": {
      "E0": -38726.0011063345,
      "err_E0": 0.0013132718395306802,
      "min_volume": 98.49530957406355,
      "err_min_volume": 0.036775363773335526,
      "bulk_modulus_ev_ang3": 1.155307392399031,
      "err_bulk_modulus_ev_ang3": 0.007889619809725955,
      "bulk_deriv": 4.272971144605325,
      "err_bulk_deriv": 0.44240419532904335,
      "residuals": 3.309435321423107e-05,
      "EOS_workchain_exit_code": 0,
      "warnings": ""
    },
    "Eu-XO3": {
      "E0": -301448.7724490161,
      "err_E0": 0.04271271937137942,
      "min_volume": 69.05131272864791,
      "err_min_volume": 1.5770555713640833,
      "bulk_modulus_ev_ang3": 0.433913783504579,
      "err_bulk_modulus_ev_ang3": 0.09131374859967235,
      "bulk_deriv": 2.8284990339068092,
      "err_bulk_deriv": 1.522598094242829,
      "residuals": 7.025953043316286e-06,
      "EOS_workchain_exit_code": 0,
      "warnings": "warn: V0 is out of range"
    },
    "Al-X2O5": {
      "E0": -46891.65595035953,
      "err_E0": 0.0011984895539251317,
      "min_volume": 126.18876153896419,
      "err_min_volume": 0.034501634907455836,
      "bulk_modulus_ev_ang3": 1.0828882304792602,
      "err_bulk_modulus_ev_ang3": 0.00606378044837036,
      "bulk_deriv": 3.7907354176238233,
      "err_bulk_deriv": 0.32824768579804,
      "residuals": 2.6833656310432188e-05,
      "EOS_workchain_exit_code": 0,
      "warnings": ""
    },
    "Eu-X2O": {
      "E0": -592658.5644313141,
      "err_E0": 0.004166311113558275,
      "min_volume": 48.63042025065405,
      "err_min_volume": 0.5082907381019457,
      "bulk_modulus_ev_ang3": 0.3582965594650508,
      "err_bulk_modulus_ev_ang3": 0.0968676014673619,
      "bulk_deriv": -0.12010128463982184,
      "err_bulk_deriv": 3.886050101627278,
      "residuals": 1.856163783630975e-05,
      "EOS_workchain_exit_code": 0,
      "warnings": "warn: V0 is out of range"
    },
    "Pa-X2O5": {
      "E0": -2992211.846572843,
      "err_E0": 0.002759649308167937,
      "min_volume": 159.40406484617907,
      "err_min_volume": 0.05961696708916258,
      "bulk_modulus_ev_ang3": 1.5217169151150498,
      "err_bulk_modulus_ev_ang3": 0.009926007999401198,
      "bulk_deriv": 4.756685250935027,
      "err_bulk_deriv": 0.44096264354404946,
      "residuals": 0.00014773002548653367,
      "EOS_workchain_exit_code": 0,
      "warnings": ""
    },
    "Eu-X2O5": {
      "E0": -1201700.2382443494,
      "err_E0": 0.008225090217319013,
      "min_volume": 156.49953227904913,
      "err_min_volume": 0.4789833349808988,
      "bulk_modulus_ev_ang3": 1.0125542920040667,
      "err_bulk_modulus_ev_ang3": 0.08641009442943413,
      "bulk_deriv": 4.892813161094704,
      "err_bulk_deriv": 1.1223846930216346,
      "residuals": 0.0003383914548687209,
      "EOS_workchain_exit_code": 0,
      "warnings": "warn: V0 is out of range"
    },
    "Eu-XO2": {
      "E0": -299404.8177709594,
      "err_E0": 0.01430118319066877,
      "min_volume": 37.76349883222815,
      "err_min_volume": 0.2855645782156622,
      "bulk_modulus_ev_ang3": 1.1273972707316098,
      "err_bulk_modulus_ev_ang3": 0.08928507190601269,
      "bulk_deriv": 5.349018160508057,
      "err_bulk_deriv": 0.5811838362497838,
      "residuals": 6.379498766528917e-06,
      "EOS_workchain_exit_code": 0,
      "warnings": "warn: V0 is out of range"
    },
    "Fe-XO": {
      "E0": -36680.928946467764,
      "err_E0": 0.00030974721492585573,
      "min_volume": 17.044689991622608,
      "err_min_volume": 0.0066275593168519656,
      "bulk_modulus_ev_ang3": 1.5495204992632639,
      "err_bulk_modulus_ev_ang3": 0.010709526039231178,
      "bulk_deriv": 4.203091312818323,
      "err_bulk_deriv": 0.45819550979024043,
      "residuals": 1.847486497708907e-06,
      "EOS_workchain_exit_code": 300,
      "warnings": ""
    },
    "Fe-X2O5": {
      "E0": -158987.5858092061,
      "err_E0": 0.003897032323892783,
      "min_volume": 115.42279405397657,
      "err_min_volume": 0.09462891642491739,
      "bulk_modulus_ev_ang3": 1.3751073827398328,
      "err_bulk_modulus_ev_ang3": 0.019360952562319,
      "bulk_deriv": 6.214398023108081,
      "err_bulk_deriv": 0.9591508950364188,
      "residuals": 0.0002967585130541606,
      "EOS_workchain_exit_code": 0,
      "warnings": ""
    },
    "Pa-XO": {
      "E0": -744979.6698218681,
      "err_E0": 0.0007450727692143722,
      "min_volume": 29.966299630412017,
      "err_min_volume": 0.02100562254810569,
      "bulk_modulus_ev_ang3": 1.1726917962813759,
      "err_bulk_modulus_ev_ang3": 0.014135278503781667,
      "bulk_deriv": 4.955429442142646,
      "err_bulk_deriv": 0.8247158064368961,
      "residuals": 1.0806197903037787e-05,
      "EOS_workchain_exit_code": 300,
      "warnings": ""
    },
    "Fe-X2O": {
      "E0": -71313.43078998558,
      "err_E0": 0.0006241435758491681,
      "min_volume": 29.38040199346253,
      "err_min_volume": 0.016089277550862122,
      "bulk_modulus_ev_ang3": 1.282426402153087,
      "err_bulk_modulus_ev_ang3": 0.012125930847962091,
      "bulk_deriv": 3.458052100584079,
      "err_bulk_deriv": 0.6402111058386131,
      "residuals": 7.582725603336678e-06,
      "EOS_workchain_exit_code": 0,
      "warnings": ""
    },
    "Fe-X2O3": {
      "E0": -150819.76239469388,
      "err_E0": 0.00766381223959025,
      "min_volume": 90.57086183531833,
      "err_min_volume": 0.16601371874123214,
      "bulk_modulus_ev_ang3": 1.5339597006875414,
      "err_bulk_modulus_ev_ang3": 0.04978562212117073,
      "bulk_deriv": 4.6642163717388465,
      "err_bulk_deriv": 2.1538605406464137,
      "residuals": 0.0011343979727675287,
      "EOS_workchain_exit_code": 0,
      "warnings": ""
    },
    "Eu-X2O3": {
      "E0": -1193521.7717210012,
      "err_E0": 0.17585462324935774,
      "min_volume": 148.76085682811373,
      "err_min_volume": 5.584945195136021,
      "bulk_modulus_ev_ang3": 0.7956103879175969,
      "err_bulk_modulus_ev_ang3": 0.3570749227783811,
      "bulk_deriv": 5.359444200402564,
      "err_bulk_deriv": 3.5471387700686905,
      "residuals": 0.001876076676921379,
      "EOS_workchain_exit_code": 300,
      "warnings": "warn: V0 is out of range"
    },
    "Si-X2O3": {
      "E0": -43853.56854421484,
      "err_E0": 0.0006109771207445343,
      "min_volume": 97.75380265896136,
      "err_min_volume": 0.020717185644753316,
      "bulk_modulus_ev_ang3": 0.9547730427506191,
      "err_bulk_modulus_ev_ang3": 0.003718709926836449,
      "bulk_deriv": 3.5660136794395747,
      "err_bulk_deriv": 0.24971882227631995,
      "residuals": 7.166569679045201e-06,
      "EOS_workchain_exit_code": 0,
      "warnings": ""
    },
    "Al-XO2": {
      "E0": -10704.503644638862,
      "err_E0": 0.00018114014133509311,
      "min_volume": 26.269269208032046,
      "err_min_volume": 0.004507552928286434,
      "bulk_modulus_ev_ang3": 1.3076794835207297,
      "err_bulk_modulus_ev_ang3": 0.0040181520590487985,
      "bulk_deriv": 4.928639621286355,
      "err_bulk_deriv": 0.20355674457464715,